"Location,""Name"",""Type"",""Info"",""Category"",""Rating"",""Tags"",""Number of places"",""Price"""																																						
"37.2374 115.8034,""Car&Go"",""Мотель"",""2, ул. Роторная, телефон +79128394822"",2,4.2,""#cashless"",30,""1000 одноместный, 1300 двухместный"""																																						
"37.2334 115.8090,""Лилия"",""Хостел"",""14, ул. Баумана, телефон 2882838"",2,4.5,""#cashless"",12,""500 ночь"""																																						
"37.2374 115.8090,""Татарстан"",""Гостиница"",""12, ул. Петербургская, телефон 2302299"",4,4.7,""#forkids #cashless "",50,""1500 одноместный, 2300 двухместный """																			37.2374 115.8010	Зилант	гостиница	420141, Казань, Юлиуса Фучика, 82	" +7 (843) 275-02-44;+7 (843) 275-02-53; "	"420141, Казань, Юлиуса Фучика, 82,  +7 (843) 275-02-44;+7 (843) 275-02-53; "	3	2,148245024	#forkids #cashless	109	665	одноместный	1165	двухместный	665 одноместный, 1165 двухместный					"37.2374 115.8010,@Зилант,@гостиница,@420141, Казань, Юлиуса Фучика, 82,  +7 (843) 275-02-44;+7 (843) 275-02-53; ,@3,@2,14824502371089,@#forkids #cashless,@109,@665 одноместный, 1165 двухместный"
																			37.2374 115.8111	Маяк	гостиница	422544, Зеленодольск, Рогачёва, 34Б к1	" +7 (84371) 5-07-45;+7 (84371) 5-14-06;+7 (84371) 5-14-39; "	"422544, Зеленодольск, Рогачёва, 34Б к1,  +7 (84371) 5-07-45;+7 (84371) 5-14-06;+7 (84371) 5-14-39; "	2	3,535168863	#cashless	96	916	одноместный	1416	двухместный	916 одноместный, 1416 двухместный					"37.2374 115.8111,@Маяк,@гостиница,@422544, Зеленодольск, Рогачёва, 34Б к1,  +7 (84371) 5-07-45;+7 (84371) 5-14-06;+7 (84371) 5-14-39; ,@2,@3,53516886348543,@#cashless,@96,@916 одноместный, 1416 двухместный"
																			37.2374 115.8212	Залесный	гостиничный комплекс	420076, Казань, Залесная, 5	" +7 (843) 555-95-35; "	"420076, Казань, Залесная, 5,  +7 (843) 555-95-35; "	1	1,986969719	#cashless	72	1311	одноместный	1811	двухместный	1311 одноместный, 1811 двухместный					"37.2374 115.8212,@Залесный,@гостиничный комплекс,@420076, Казань, Залесная, 5,  +7 (843) 555-95-35; ,@1,@1,98696971904487,@#cashless,@72,@1311 одноместный, 1811 двухместный"
																			37.2374 115.8313	Сити Хостел Казань	хостел	420107, Казань, Островского, 67	" +7 (843) 514-88-98; +7-987-225-85-91"	"420107, Казань, Островского, 67,  +7 (843) 514-88-98; +7-987-225-85-91"	2	1,477917758	#cashless	121	776	одноместный	1276	двухместный	776 одноместный, 1276 двухместный					"37.2374 115.8313,@Сити Хостел Казань,@хостел,@420107, Казань, Островского, 67,  +7 (843) 514-88-98; +7-987-225-85-91,@2,@1,47791775768429,@#cashless,@121,@776 одноместный, 1276 двухместный"
																			37.2374 115.8414	Ял	гостиница	420059, Казань, Оренбургский тракт, 20	" +7 (843) 277-62-68;8-800-250-62-68; "	"420059, Казань, Оренбургский тракт, 20,  +7 (843) 277-62-68;8-800-250-62-68; "	1	3,109482811	#cashless	20	2105	одноместный	2605	двухместный	2105 одноместный, 2605 двухместный					"37.2374 115.8414,@Ял,@гостиница,@420059, Казань, Оренбургский тракт, 20,  +7 (843) 277-62-68;8-800-250-62-68; ,@1,@3,10948281067429,@#cashless,@20,@2105 одноместный, 2605 двухместный"
																			37.2374 115.8515	Ял на Калинина	мини-отель	420043, Казань, Калинина, 69	" +7 (843) 238-32-32; +7-966-250-23-13"	"420043, Казань, Калинина, 69,  +7 (843) 238-32-32; +7-966-250-23-13"	3	3,91029228	#cashless	96	1166	одноместный	1666	двухместный	1166 одноместный, 1666 двухместный					"37.2374 115.8515,@Ял на Калинина,@мини-отель,@420043, Казань, Калинина, 69,  +7 (843) 238-32-32; +7-966-250-23-13,@3,@3,91029227999867,@#cashless,@96,@1166 одноместный, 1666 двухместный"
																			37.2374 115.8616	Ryan Johnson	отель	420030, Казань, Урицкого, 15	" +7 (843) 210-16-45; "	"420030, Казань, Урицкого, 15,  +7 (843) 210-16-45; "	4	3,799488014	#cashless	80	1115	одноместный	1615	двухместный	1115 одноместный, 1615 двухместный					"37.2374 115.8616,@Ryan Johnson,@отель,@420030, Казань, Урицкого, 15,  +7 (843) 210-16-45; ,@4,@3,79948801437386,@#cashless,@80,@1115 одноместный, 1615 двухместный"
																			37.2374 115.8717	Sibgat Apartments	апарт-отель	421001, Казань, Алексея Козина, 3а	 +7-987-225-07-25	421001, Казань, Алексея Козина, 3а,  +7-987-225-07-25	4	2,773705958	#forkids #cashless	85	1619	одноместный	2119	двухместный	1619 одноместный, 2119 двухместный					37.2374 115.8717,@Sibgat Apartments,@апарт-отель,@421001, Казань, Алексея Козина, 3а,  +7-987-225-07-25,@4,@2,77370595799726,@#forkids #cashless,@85,@1619 одноместный, 2119 двухместный
																			37.2374 115.8818	Ирбис Транзит	гостиничный комплекс	Казань, Федеральная трасса М7 847 км, 1	" +7 (843) 260-39-39; "	"Казань, Федеральная трасса М7 847 км, 1,  +7 (843) 260-39-39; "	4	3,731332263	#cashless	26	1297	одноместный	1797	двухместный	1297 одноместный, 1797 двухместный					"37.2374 115.8818,@Ирбис Транзит,@гостиничный комплекс,@Казань, Федеральная трасса М7 847 км, 1,  +7 (843) 260-39-39; ,@4,@3,73133226317011,@#cashless,@26,@1297 одноместный, 1797 двухместный"
																			37.2374 115.8919	Арго	гостиница	420006, Казань, Рахимова, 59г	" +7 (843) 259-86-84; +7-960-048-21-49"	"420006, Казань, Рахимова, 59г,  +7 (843) 259-86-84; +7-960-048-21-49"	1	3,030776574	#forkids #cashless	113	1547	одноместный	2047	двухместный	1547 одноместный, 2047 двухместный					"37.2374 115.8919,@Арго,@гостиница,@420006, Казань, Рахимова, 59г,  +7 (843) 259-86-84; +7-960-048-21-49,@1,@3,03077657442544,@#forkids #cashless,@113,@1547 одноместный, 2047 двухместный"
																			37.2374 115.9020	Первый Поезд	гостиница	424006, Йошкар-Ола, Деповская, 20	" +7 (8362) 39-72-76;+7 (8362) 43-80-43; "	"424006, Йошкар-Ола, Деповская, 20,  +7 (8362) 39-72-76;+7 (8362) 43-80-43; "	4	3,239788789	#forkids #cashless	5	1572	одноместный	2072	двухместный	1572 одноместный, 2072 двухместный					"37.2374 115.9020,@Первый Поезд,@гостиница,@424006, Йошкар-Ола, Деповская, 20,  +7 (8362) 39-72-76;+7 (8362) 43-80-43; ,@4,@3,23978878920174,@#forkids #cashless,@5,@1572 одноместный, 2072 двухместный"
																			37.2374 115.9121	Рубин	база отдыха	424003, Йошкар-Ола, Суворова, 12а	" +7 (8362) 45-53-04;+7 (8362) 68-32-23; "	"424003, Йошкар-Ола, Суворова, 12а,  +7 (8362) 45-53-04;+7 (8362) 68-32-23; "	5	3,435878377	#cashless	24	617	одноместный	1117	двухместный	617 одноместный, 1117 двухместный					"37.2374 115.9121,@Рубин,@база отдыха,@424003, Йошкар-Ола, Суворова, 12а,  +7 (8362) 45-53-04;+7 (8362) 68-32-23; ,@5,@3,43587837705565,@#cashless,@24,@617 одноместный, 1117 двухместный"
																			37.2374 115.9222	Семейный чемодан	отель	424002, Йошкар-Ола, Якова Эшпая, 156а	" +7 (8362) 30-40-11;+7 (8362) 30-40-33; "	"424002, Йошкар-Ола, Якова Эшпая, 156а,  +7 (8362) 30-40-11;+7 (8362) 30-40-33; "	3	3,706480613	#cashless	80	1260	одноместный	1760	двухместный	1260 одноместный, 1760 двухместный					"37.2374 115.9222,@Семейный чемодан,@отель,@424002, Йошкар-Ола, Якова Эшпая, 156а,  +7 (8362) 30-40-11;+7 (8362) 30-40-33; ,@3,@3,70648061344571,@#cashless,@80,@1260 одноместный, 1760 двухместный"
																			37.2374 115.9323	Семейный чемодан	хостел	424003, Йошкар-Ола, Ленинский проспект, 68	 +7-937-935-29-39	424003, Йошкар-Ола, Ленинский проспект, 68,  +7-937-935-29-39	5	2,429051043	#cashless	95	2084	одноместный	2584	двухместный	2084 одноместный, 2584 двухместный					37.2374 115.9323,@Семейный чемодан,@хостел,@424003, Йошкар-Ола, Ленинский проспект, 68,  +7-937-935-29-39,@5,@2,42905104292146,@#cashless,@95,@2084 одноместный, 2584 двухместный
																			37.2374 115.9424	Комфорт	хостел	424007, Йошкар-Ола, Строителей, 95 к103	 +7-987-734-98-07	424007, Йошкар-Ола, Строителей, 95 к103,  +7-987-734-98-07	1	3,002057283	#cashless	92	990	одноместный	1490	двухместный	990 одноместный, 1490 двухместный					37.2374 115.9424,@Комфорт,@хостел,@424007, Йошкар-Ола, Строителей, 95 к103,  +7-987-734-98-07,@1,@3,00205728308183,@#cashless,@92,@990 одноместный, 1490 двухместный
																			37.2374 115.9525	Хостел на Чехова	хостел	424031, Йошкар-Ола, Чехова, 70	 +7-917-071-33-99	424031, Йошкар-Ола, Чехова, 70,  +7-917-071-33-99	4	3,559947796	#cashless	98	1398	одноместный	1898	двухместный	1398 одноместный, 1898 двухместный					37.2374 115.9525,@Хостел на Чехова,@хостел,@424031, Йошкар-Ола, Чехова, 70,  +7-917-071-33-99,@4,@3,55994779647515,@#cashless,@98,@1398 одноместный, 1898 двухместный
																			37.2374 115.9626	Сайвер	гостиница	424003, Йошкар-Ола, Зарубина, 35	" +7 (8362) 386-886;+7 (8362) 386-996; "	"424003, Йошкар-Ола, Зарубина, 35,  +7 (8362) 386-886;+7 (8362) 386-996; "	5	1,000168319	#cashless	138	1441	одноместный	1941	двухместный	1441 одноместный, 1941 двухместный					"37.2374 115.9626,@Сайвер,@гостиница,@424003, Йошкар-Ола, Зарубина, 35,  +7 (8362) 386-886;+7 (8362) 386-996; ,@5,@1,00016831908992,@#cashless,@138,@1441 одноместный, 1941 двухместный"
																			37.2374 115.9727	Arabica	гостиница	424004, Йошкар-Ола, Льва Толстого, 60	" +7 (8362) 33-02-10; +7-927-883-02-10"	"424004, Йошкар-Ола, Льва Толстого, 60,  +7 (8362) 33-02-10; +7-927-883-02-10"	3	1,288064149	#forkids #cashless	89	2433	одноместный	2933	двухместный	2433 одноместный, 2933 двухместный					"37.2374 115.9727,@Arabica,@гостиница,@424004, Йошкар-Ола, Льва Толстого, 60,  +7 (8362) 33-02-10; +7-927-883-02-10,@3,@1,28806414918397,@#forkids #cashless,@89,@2433 одноместный, 2933 двухместный"
																			37.2374 115.9828	Flat-Luxe	отель	424007, Йошкар-Ола, Строителей, 54г	" +7 (8362) 50-77-77;+7 (8362) 51-55-55; "	"424007, Йошкар-Ола, Строителей, 54г,  +7 (8362) 50-77-77;+7 (8362) 51-55-55; "	5	1,932143889	#cashless	111	1131	одноместный	1631	двухместный	1131 одноместный, 1631 двухместный					"37.2374 115.9828,@Flat-Luxe,@отель,@424007, Йошкар-Ола, Строителей, 54г,  +7 (8362) 50-77-77;+7 (8362) 51-55-55; ,@5,@1,93214388914004,@#cashless,@111,@1131 одноместный, 1631 двухместный"
																			37.2374 115.9929	MariLand	база отдыха	424006, Йошкар-Ола, Строителей, 110	" +7 (8362) 404-405; "	"424006, Йошкар-Ола, Строителей, 110,  +7 (8362) 404-405; "	2	1,888790734	#cashless	80	1754	одноместный	2254	двухместный	1754 одноместный, 2254 двухместный					"37.2374 115.9929,@MariLand,@база отдыха,@424006, Йошкар-Ола, Строителей, 110,  +7 (8362) 404-405; ,@2,@1,8887907336944,@#cashless,@80,@1754 одноместный, 2254 двухместный"
																			37.2374 115.10030	Голубой вагон	гостиница	426009, Ижевск, Ухтомского, 26	" +7 (3412) 37-95-66; +7-922-515-56-24"	"426009, Ижевск, Ухтомского, 26,  +7 (3412) 37-95-66; +7-922-515-56-24"	2	3,942453593	#cashless	20	1228	одноместный	1728	двухместный	1228 одноместный, 1728 двухместный					"37.2374 115.10030,@Голубой вагон,@гостиница,@426009, Ижевск, Ухтомского, 26,  +7 (3412) 37-95-66; +7-922-515-56-24,@2,@3,94245359323751,@#cashless,@20,@1228 одноместный, 1728 двухместный"
																			37.2374 115.10131	Охотничий рай	гостиница	426011, Ижевск, Майская, 35а	" +7 (3412) 64-72-33; "	"426011, Ижевск, Майская, 35а,  +7 (3412) 64-72-33; "	4	3,60160834	#cashless	91	613	одноместный	1113	двухместный	613 одноместный, 1113 двухместный					"37.2374 115.10131,@Охотничий рай,@гостиница,@426011, Ижевск, Майская, 35а,  +7 (3412) 64-72-33; ,@4,@3,60160833971593,@#cashless,@91,@613 одноместный, 1113 двухместный"
																			37.2374 115.10232	Премьер-Отель	гостиница	426008, Ижевск, Щорса, 107	" +7 (3412) 42-33-00;+7 (3412) 42-42-25; "	"426008, Ижевск, Щорса, 107,  +7 (3412) 42-33-00;+7 (3412) 42-42-25; "	5	3,060951683	#forkids #cashless	141	2224	одноместный	2724	двухместный	2224 одноместный, 2724 двухместный					"37.2374 115.10232,@Премьер-Отель,@гостиница,@426008, Ижевск, Щорса, 107,  +7 (3412) 42-33-00;+7 (3412) 42-42-25; ,@5,@3,06095168344418,@#forkids #cashless,@141,@2224 одноместный, 2724 двухместный"
																			37.2374 115.10333	Perina	гостиница	426003, Ижевск, Карла Маркса, 124	 +7-919-919-99-55	426003, Ижевск, Карла Маркса, 124,  +7-919-919-99-55	3	1,582924098	#cashless	138	2409	одноместный	2909	двухместный	2409 одноместный, 2909 двухместный					37.2374 115.10333,@Perina,@гостиница,@426003, Ижевск, Карла Маркса, 124,  +7-919-919-99-55,@3,@1,58292409785584,@#cashless,@138,@2409 одноместный, 2909 двухместный
																			37.2374 115.10434	Околица	отель	426021, Ижевск, Живсовхозная, 23а	" +7 (3412) 71-01-83;+7 (3412) 71-55-08; "	"426021, Ижевск, Живсовхозная, 23а,  +7 (3412) 71-01-83;+7 (3412) 71-55-08; "	5	3,775085543	#cashless	18	949	одноместный	1449	двухместный	949 одноместный, 1449 двухместный					"37.2374 115.10434,@Околица,@отель,@426021, Ижевск, Живсовхозная, 23а,  +7 (3412) 71-01-83;+7 (3412) 71-55-08; ,@5,@3,77508554341956,@#cashless,@18,@949 одноместный, 1449 двухместный"
																			37.2374 115.10535	Номер-ок	отель	426063, Ижевск, Ленина, 94а	" +7 (3412) 55-66-00; "	"426063, Ижевск, Ленина, 94а,  +7 (3412) 55-66-00; "	5	1,234682788	#cashless	109	524	одноместный	1024	двухместный	524 одноместный, 1024 двухместный					"37.2374 115.10535,@Номер-ок,@отель,@426063, Ижевск, Ленина, 94а,  +7 (3412) 55-66-00; ,@5,@1,23468278832609,@#cashless,@109,@524 одноместный, 1024 двухместный"
																			37.2374 115.10636	Мумы Дор	отель	426054, Ижевск, Полевская, 2	" +7 (3412) 77-57-14; +7-922-687-15-94"	"426054, Ижевск, Полевская, 2,  +7 (3412) 77-57-14; +7-922-687-15-94"	3	3,37926734	#cashless	39	506	одноместный	1006	двухместный	506 одноместный, 1006 двухместный					"37.2374 115.10636,@Мумы Дор,@отель,@426054, Ижевск, Полевская, 2,  +7 (3412) 77-57-14; +7-922-687-15-94,@3,@3,37926733965061,@#cashless,@39,@506 одноместный, 1006 двухместный"
																			37.2374 115.10737	На нас	гостиница	426052, Ижевск, Чернышевского, 24	" +7 (3412) 77-28-81; "	"426052, Ижевск, Чернышевского, 24,  +7 (3412) 77-28-81; "	5	2,685040654	#cashless	134	1048	одноместный	1548	двухместный	1048 одноместный, 1548 двухместный					"37.2374 115.10737,@На нас,@гостиница,@426052, Ижевск, Чернышевского, 24,  +7 (3412) 77-28-81; ,@5,@2,68504065407181,@#cashless,@134,@1048 одноместный, 1548 двухместный"
																			37.2374 115.10838	Мир	отель	426049, Ижевск, Гагарина, 67	" +7 (3412) 91-33-55; "	"426049, Ижевск, Гагарина, 67,  +7 (3412) 91-33-55; "	5	2,390873256	#cashless	18	2269	одноместный	2769	двухместный	2269 одноместный, 2769 двухместный					"37.2374 115.10838,@Мир,@отель,@426049, Ижевск, Гагарина, 67,  +7 (3412) 91-33-55; ,@5,@2,39087325578103,@#cashless,@18,@2269 одноместный, 2769 двухместный"
																			37.2374 115.10939	Камин	гостиница	426028, Ижевск, Колхозная, 1	" +7 (3412) 61-06-81; +7-904-316-83-00"	"426028, Ижевск, Колхозная, 1,  +7 (3412) 61-06-81; +7-904-316-83-00"	4	1,111631205	#cashless	116	504	одноместный	1004	двухместный	504 одноместный, 1004 двухместный					"37.2374 115.10939,@Камин,@гостиница,@426028, Ижевск, Колхозная, 1,  +7 (3412) 61-06-81; +7-904-316-83-00,@4,@1,11163120469601,@#cashless,@116,@504 одноместный, 1004 двухместный"
																			37.2374 115.11040	Восход	гостиница	423450, Альметьевск, Шевченко, 48	" +7 (8553) 30-01-11; +7-987-402-46-56"	"423450, Альметьевск, Шевченко, 48,  +7 (8553) 30-01-11; +7-987-402-46-56"	3	3,839297318	#cashless	25	871	одноместный	1371	двухместный	871 одноместный, 1371 двухместный					"37.2374 115.11040,@Восход,@гостиница,@423450, Альметьевск, Шевченко, 48,  +7 (8553) 30-01-11; +7-987-402-46-56,@3,@3,83929731799655,@#cashless,@25,@871 одноместный, 1371 двухместный"
																			37.2374 115.11141	Нефтяник	база отдыха	423452, Альметьевск, Ленина, 32	" +7 (8553) 37-07-19;+7 (8553) 37-07-23; "	"423452, Альметьевск, Ленина, 32,  +7 (8553) 37-07-19;+7 (8553) 37-07-23; "	1	1,771678367	#cashless	74	1511	одноместный	2011	двухместный	1511 одноместный, 2011 двухместный					"37.2374 115.11141,@Нефтяник,@база отдыха,@423452, Альметьевск, Ленина, 32,  +7 (8553) 37-07-19;+7 (8553) 37-07-23; ,@1,@1,77167836748091,@#cashless,@74,@1511 одноместный, 2011 двухместный"
																			37.2374 115.11242	DE LUXE	отель	423458, Альметьевск, Ризы Фахретдина, 32	" +7 (8553) 43-97-97; +7-902-715-44-44"	"423458, Альметьевск, Ризы Фахретдина, 32,  +7 (8553) 43-97-97; +7-902-715-44-44"	1	1,739412181	#cashless	64	1483	одноместный	1983	двухместный	1483 одноместный, 1983 двухместный					"37.2374 115.11242,@DE LUXE,@отель,@423458, Альметьевск, Ризы Фахретдина, 32,  +7 (8553) 43-97-97; +7-902-715-44-44,@1,@1,73941218072212,@#cashless,@64,@1483 одноместный, 1983 двухместный"
																			37.2374 115.11343	Viardo	хостел	423450, Альметьевск, Тимирязева, 17	" +7 (8553) 43-90-34; "	"423450, Альметьевск, Тимирязева, 17,  +7 (8553) 43-90-34; "	5	3,537298695	#cashless	36	1926	одноместный	2426	двухместный	1926 одноместный, 2426 двухместный					"37.2374 115.11343,@Viardo,@хостел,@423450, Альметьевск, Тимирязева, 17,  +7 (8553) 43-90-34; ,@5,@3,53729869515618,@#cashless,@36,@1926 одноместный, 2426 двухместный"
																			37.2374 115.11444	Визит	хостел	423461, Альметьевск, Шевченко, 25	" +7 (8553) 33-68-30; "	"423461, Альметьевск, Шевченко, 25,  +7 (8553) 33-68-30; "	3	1,301052085	#cashless	56	883	одноместный	1383	двухместный	883 одноместный, 1383 двухместный					"37.2374 115.11444,@Визит,@хостел,@423461, Альметьевск, Шевченко, 25,  +7 (8553) 33-68-30; ,@3,@1,30105208459105,@#cashless,@56,@883 одноместный, 1383 двухместный"
																			37.2374 115.11545	Ель	хостел	423458, Альметьевск, Шевченко, 9	" +7 (8553) 424-000; +7-939-310-40-00"	"423458, Альметьевск, Шевченко, 9,  +7 (8553) 424-000; +7-939-310-40-00"	1	2,46957201	#cashless	30	596	одноместный	1096	двухместный	596 одноместный, 1096 двухместный					"37.2374 115.11545,@Ель,@хостел,@423458, Альметьевск, Шевченко, 9,  +7 (8553) 424-000; +7-939-310-40-00,@1,@2,46957200994295,@#cashless,@30,@596 одноместный, 1096 двухместный"
																			37.2374 115.11646	Жара	гостиница	423450, Альметьевск, Ризы Фахретдина, 100	" +7 (8553) 40-32-32; +7-904-769-88-55"	"423450, Альметьевск, Ризы Фахретдина, 100,  +7 (8553) 40-32-32; +7-904-769-88-55"	3	2,487537082	#cashless	101	1942	одноместный	2442	двухместный	1942 одноместный, 2442 двухместный					"37.2374 115.11646,@Жара,@гостиница,@423450, Альметьевск, Ризы Фахретдина, 100,  +7 (8553) 40-32-32; +7-904-769-88-55,@3,@2,48753708177103,@#cashless,@101,@1942 одноместный, 2442 двухместный"
																			37.2374 115.11747	Нарат	гостиничный комплекс	423450, Альметьевск, Объездной тракт, 77	 +7-950-320-03-37	423450, Альметьевск, Объездной тракт, 77,  +7-950-320-03-37	5	3,747635022	#cashless	122	747	одноместный	1247	двухместный	747 одноместный, 1247 двухместный					37.2374 115.11747,@Нарат,@гостиничный комплекс,@423450, Альметьевск, Объездной тракт, 77,  +7-950-320-03-37,@5,@3,74763502208803,@#cashless,@122,@747 одноместный, 1247 двухместный
																			37.2374 115.11848	Омега	отель	423458, Альметьевск, Ленина, 1а	" +7 (8553) 45-37-51; +7-917-867-69-24"	"423458, Альметьевск, Ленина, 1а,  +7 (8553) 45-37-51; +7-917-867-69-24"	2	3,351150341	#cashless	121	2098	одноместный	2598	двухместный	2098 одноместный, 2598 двухместный					"37.2374 115.11848,@Омега,@отель,@423458, Альметьевск, Ленина, 1а,  +7 (8553) 45-37-51; +7-917-867-69-24,@2,@3,35115034143114,@#cashless,@121,@2098 одноместный, 2598 двухместный"
																			37.2374 115.11949	Снежинка	база отдыха	423465, Альметьевск, Поташно-Полянское лесничество, 30	" +7 (8553) 31-23-00;+7 (8553) 38-67-57; "	"423465, Альметьевск, Поташно-Полянское лесничество, 30,  +7 (8553) 31-23-00;+7 (8553) 38-67-57; "	5	2,599514642	#cashless	66	972	одноместный	1472	двухместный	972 одноместный, 1472 двухместный					"37.2374 115.11949,@Снежинка,@база отдыха,@423465, Альметьевск, Поташно-Полянское лесничество, 30,  +7 (8553) 31-23-00;+7 (8553) 38-67-57; ,@5,@2,59951464231756,@#cashless,@66,@972 одноместный, 1472 двухместный"
																			37.2374 115.12050	Зилант	отель	424006, Йошкар-Ола, Деповская, 20	" +7 (843) 275-02-44;+7 (843) 275-02-53; "	"424006, Йошкар-Ола, Деповская, 20,  +7 (843) 275-02-44;+7 (843) 275-02-53; "	2	1,402766743	#cashless	19	834	одноместный	1334	двухместный	834 одноместный, 1334 двухместный					"37.2374 115.12050,@Зилант,@отель,@424006, Йошкар-Ола, Деповская, 20,  +7 (843) 275-02-44;+7 (843) 275-02-53; ,@2,@1,40276674338041,@#cashless,@19,@834 одноместный, 1334 двухместный"
																			37.2374 115.12151	Маяк	отель	424003, Йошкар-Ола, Суворова, 12а	" +7 (84371) 5-07-45;+7 (84371) 5-14-06;+7 (84371) 5-14-39; "	"424003, Йошкар-Ола, Суворова, 12а,  +7 (84371) 5-07-45;+7 (84371) 5-14-06;+7 (84371) 5-14-39; "	2	1,240161311	#cashless	93	1555	одноместный	2055	двухместный	1555 одноместный, 2055 двухместный					"37.2374 115.12151,@Маяк,@отель,@424003, Йошкар-Ола, Суворова, 12а,  +7 (84371) 5-07-45;+7 (84371) 5-14-06;+7 (84371) 5-14-39; ,@2,@1,24016131055321,@#cashless,@93,@1555 одноместный, 2055 двухместный"
																			37.2374 115.12252	Залесный	отель	424002, Йошкар-Ола, Якова Эшпая, 156а	" +7 (843) 555-95-35; "	"424002, Йошкар-Ола, Якова Эшпая, 156а,  +7 (843) 555-95-35; "	1	2,871230895	#cashless	125	1227	одноместный	1727	двухместный	1227 одноместный, 1727 двухместный					"37.2374 115.12252,@Залесный,@отель,@424002, Йошкар-Ола, Якова Эшпая, 156а,  +7 (843) 555-95-35; ,@1,@2,87123089498781,@#cashless,@125,@1227 одноместный, 1727 двухместный"
																			37.2374 115.12353	Сити Хостел Казань	гостиница	424003, Йошкар-Ола, Ленинский проспект, 68	" +7 (843) 514-88-98; +7-987-225-85-92"	"424003, Йошкар-Ола, Ленинский проспект, 68,  +7 (843) 514-88-98; +7-987-225-85-92"	5	3,006173341	#cashless	74	714	одноместный	1214	двухместный	714 одноместный, 1214 двухместный					"37.2374 115.12353,@Сити Хостел Казань,@гостиница,@424003, Йошкар-Ола, Ленинский проспект, 68,  +7 (843) 514-88-98; +7-987-225-85-92,@5,@3,0061733408176,@#cashless,@74,@714 одноместный, 1214 двухместный"
																			37.2374 115.12454	Ял	отель	424007, Йошкар-Ола, Строителей, 95 к103	" +7 (843) 277-62-68;8-800-250-62-68; "	"424007, Йошкар-Ола, Строителей, 95 к103,  +7 (843) 277-62-68;8-800-250-62-68; "	3	3,435277995	#cashless	67	1128	одноместный	1628	двухместный	1128 одноместный, 1628 двухместный					"37.2374 115.12454,@Ял,@отель,@424007, Йошкар-Ола, Строителей, 95 к103,  +7 (843) 277-62-68;8-800-250-62-68; ,@3,@3,43527799504771,@#cashless,@67,@1128 одноместный, 1628 двухместный"
																			37.2374 115.12555	Ял на Калинина	гостиница	424031, Йошкар-Ола, Чехова, 70	" +7 (843) 238-32-32; +7-966-250-23-14"	"424031, Йошкар-Ола, Чехова, 70,  +7 (843) 238-32-32; +7-966-250-23-14"	4	3,674377458	#cashless	74	1433	одноместный	1933	двухместный	1433 одноместный, 1933 двухместный					"37.2374 115.12555,@Ял на Калинина,@гостиница,@424031, Йошкар-Ола, Чехова, 70,  +7 (843) 238-32-32; +7-966-250-23-14,@4,@3,67437745782067,@#cashless,@74,@1433 одноместный, 1933 двухместный"
																			37.2374 115.12656	Ryan Johnson	гостиница	424003, Йошкар-Ола, Зарубина, 35	" +7 (843) 210-16-45; "	"424003, Йошкар-Ола, Зарубина, 35,  +7 (843) 210-16-45; "	2	3,002102898	#cashless	86	527	одноместный	1027	двухместный	527 одноместный, 1027 двухместный					"37.2374 115.12656,@Ryan Johnson,@гостиница,@424003, Йошкар-Ола, Зарубина, 35,  +7 (843) 210-16-45; ,@2,@3,00210289803566,@#cashless,@86,@527 одноместный, 1027 двухместный"
																			37.2374 115.12757	Sibgat Apartments	база отдыха	424004, Йошкар-Ола, Льва Толстого, 60	 +7-987-225-07-26	424004, Йошкар-Ола, Льва Толстого, 60,  +7-987-225-07-26	4	3,43286395	#cashless	146	1400	одноместный	1900	двухместный	1400 одноместный, 1900 двухместный					37.2374 115.12757,@Sibgat Apartments,@база отдыха,@424004, Йошкар-Ола, Льва Толстого, 60,  +7-987-225-07-26,@4,@3,43286394999453,@#cashless,@146,@1400 одноместный, 1900 двухместный
																			37.2374 115.12858	Ирбис Транзит	отель	424007, Йошкар-Ола, Строителей, 54г	" +7 (843) 260-39-39; "	"424007, Йошкар-Ола, Строителей, 54г,  +7 (843) 260-39-39; "	4	3,635671551	#cashless	115	1099	одноместный	1599	двухместный	1099 одноместный, 1599 двухместный					"37.2374 115.12858,@Ирбис Транзит,@отель,@424007, Йошкар-Ола, Строителей, 54г,  +7 (843) 260-39-39; ,@4,@3,6356715507787,@#cashless,@115,@1099 одноместный, 1599 двухместный"
																			37.2374 115.12959	Арго	хостел	424006, Йошкар-Ола, Строителей, 110	" +7 (843) 259-86-84; +7-960-048-21-50"	"424006, Йошкар-Ола, Строителей, 110,  +7 (843) 259-86-84; +7-960-048-21-50"	4	1,662844915	#cashless	14	1742	одноместный	2242	двухместный	1742 одноместный, 2242 двухместный					"37.2374 115.12959,@Арго,@хостел,@424006, Йошкар-Ола, Строителей, 110,  +7 (843) 259-86-84; +7-960-048-21-50,@4,@1,66284491472939,@#cashless,@14,@1742 одноместный, 2242 двухместный"
																			37.2374 115.13060	Первый Поезд	хостел	426052, Ижевск, Чернышевского, 24	" +7 (8362) 39-72-76;+7 (8362) 43-80-43; "	"426052, Ижевск, Чернышевского, 24,  +7 (8362) 39-72-76;+7 (8362) 43-80-43; "	5	1,441105637	#cashless	139	1790	одноместный	2290	двухместный	1790 одноместный, 2290 двухместный					"37.2374 115.13060,@Первый Поезд,@хостел,@426052, Ижевск, Чернышевского, 24,  +7 (8362) 39-72-76;+7 (8362) 43-80-43; ,@5,@1,4411056373101,@#cashless,@139,@1790 одноместный, 2290 двухместный"
																			37.2374 115.13161	Рубин	хостел	426049, Ижевск, Гагарина, 67	" +7 (8362) 45-53-04;+7 (8362) 68-32-23; "	"426049, Ижевск, Гагарина, 67,  +7 (8362) 45-53-04;+7 (8362) 68-32-23; "	5	2,196561574	#cashless	65	2344	одноместный	2844	двухместный	2344 одноместный, 2844 двухместный					"37.2374 115.13161,@Рубин,@хостел,@426049, Ижевск, Гагарина, 67,  +7 (8362) 45-53-04;+7 (8362) 68-32-23; ,@5,@2,19656157430742,@#cashless,@65,@2344 одноместный, 2844 двухместный"
																			37.2374 115.13262	Семейный чемодан	гостиница	426028, Ижевск, Колхозная, 1	" +7 (8362) 30-40-11;+7 (8362) 30-40-33; "	"426028, Ижевск, Колхозная, 1,  +7 (8362) 30-40-11;+7 (8362) 30-40-33; "	4	2,28477565	#cashless	67	1167	одноместный	1667	двухместный	1167 одноместный, 1667 двухместный					"37.2374 115.13262,@Семейный чемодан,@гостиница,@426028, Ижевск, Колхозная, 1,  +7 (8362) 30-40-11;+7 (8362) 30-40-33; ,@4,@2,28477565027035,@#cashless,@67,@1167 одноместный, 1667 двухместный"
																			37.2374 115.13363	Семейный чемодан	гостиничный комплекс	426009, Ижевск, Ухтомского, 26	 +7-937-935-29-40	426009, Ижевск, Ухтомского, 26,  +7-937-935-29-40	5	1,557644305	#cashless	76	2372	одноместный	2872	двухместный	2372 одноместный, 2872 двухместный					37.2374 115.13363,@Семейный чемодан,@гостиничный комплекс,@426009, Ижевск, Ухтомского, 26,  +7-937-935-29-40,@5,@1,55764430509075,@#cashless,@76,@2372 одноместный, 2872 двухместный
																			37.2374 115.13464	Комфорт	отель	426011, Ижевск, Майская, 35а	 +7-987-734-98-08	426011, Ижевск, Майская, 35а,  +7-987-734-98-08	5	3,384357042	#cashless	48	1603	одноместный	2103	двухместный	1603 одноместный, 2103 двухместный					37.2374 115.13464,@Комфорт,@отель,@426011, Ижевск, Майская, 35а,  +7-987-734-98-08,@5,@3,38435704232339,@#cashless,@48,@1603 одноместный, 2103 двухместный
																			37.2374 115.13565	Хостел на Чехова	база отдыха	426008, Ижевск, Щорса, 107	 +7-917-071-33-100	426008, Ижевск, Щорса, 107,  +7-917-071-33-100	4	2,588756351	#cashless	128	2316	одноместный	2816	двухместный	2316 одноместный, 2816 двухместный					37.2374 115.13565,@Хостел на Чехова,@база отдыха,@426008, Ижевск, Щорса, 107,  +7-917-071-33-100,@4,@2,58875635059747,@#cashless,@128,@2316 одноместный, 2816 двухместный
																			37.2374 115.13666	Сайвер	гостиничный комплекс	426003, Ижевск, Карла Маркса, 124	" +7 (8362) 386-886;+7 (8362) 386-996; "	"426003, Ижевск, Карла Маркса, 124,  +7 (8362) 386-886;+7 (8362) 386-996; "	3	1,138902355	#cashless	36	989	одноместный	1489	двухместный	989 одноместный, 1489 двухместный					"37.2374 115.13666,@Сайвер,@гостиничный комплекс,@426003, Ижевск, Карла Маркса, 124,  +7 (8362) 386-886;+7 (8362) 386-996; ,@3,@1,13890235534122,@#cashless,@36,@989 одноместный, 1489 двухместный"
																			37.2374 115.13767	Arabica	хостел	426021, Ижевск, Живсовхозная, 23а	" +7 (8362) 33-02-10; +7-927-883-02-11"	"426021, Ижевск, Живсовхозная, 23а,  +7 (8362) 33-02-10; +7-927-883-02-11"	4	3,618759234	#cashless	89	2142	одноместный	2642	двухместный	2142 одноместный, 2642 двухместный					"37.2374 115.13767,@Arabica,@хостел,@426021, Ижевск, Живсовхозная, 23а,  +7 (8362) 33-02-10; +7-927-883-02-11,@4,@3,61875923416046,@#cashless,@89,@2142 одноместный, 2642 двухместный"
																			37.2374 115.13868	Flat-Luxe	гостиница	426063, Ижевск, Ленина, 94а	" +7 (8362) 50-77-77;+7 (8362) 51-55-55; "	"426063, Ижевск, Ленина, 94а,  +7 (8362) 50-77-77;+7 (8362) 51-55-55; "	2	2,555762645	#cashless	62	1582	одноместный	2082	двухместный	1582 одноместный, 2082 двухместный					"37.2374 115.13868,@Flat-Luxe,@гостиница,@426063, Ижевск, Ленина, 94а,  +7 (8362) 50-77-77;+7 (8362) 51-55-55; ,@2,@2,55576264462431,@#cashless,@62,@1582 одноместный, 2082 двухместный"
																			37.2374 115.13969	MariLand	мини-отель	426054, Ижевск, Полевская, 2	" +7 (8362) 404-405; "	"426054, Ижевск, Полевская, 2,  +7 (8362) 404-405; "	1	1,008877979	#cashless	106	1564	одноместный	2064	двухместный	1564 одноместный, 2064 двухместный					"37.2374 115.13969,@MariLand,@мини-отель,@426054, Ижевск, Полевская, 2,  +7 (8362) 404-405; ,@1,@1,00887797868027,@#cashless,@106,@1564 одноместный, 2064 двухместный"
																			37.2374 115.14070	Голубой вагон	отель	426052, Ижевск, Чернышевского, 24	" +7 (3412) 37-95-66; +7-922-515-56-25"	"426052, Ижевск, Чернышевского, 24,  +7 (3412) 37-95-66; +7-922-515-56-25"	3	3,07978911	#cashless	8	1524	одноместный	2024	двухместный	1524 одноместный, 2024 двухместный					"37.2374 115.14070,@Голубой вагон,@отель,@426052, Ижевск, Чернышевского, 24,  +7 (3412) 37-95-66; +7-922-515-56-25,@3,@3,07978910977206,@#cashless,@8,@1524 одноместный, 2024 двухместный"
																			37.2374 115.14171	Охотничий рай	апарт-отель	426049, Ижевск, Гагарина, 67	" +7 (3412) 64-72-33; "	"426049, Ижевск, Гагарина, 67,  +7 (3412) 64-72-33; "	2	2,442753532	#cashless	130	1228	одноместный	1728	двухместный	1228 одноместный, 1728 двухместный					"37.2374 115.14171,@Охотничий рай,@апарт-отель,@426049, Ижевск, Гагарина, 67,  +7 (3412) 64-72-33; ,@2,@2,44275353205571,@#cashless,@130,@1228 одноместный, 1728 двухместный"
																			37.2374 115.14272	Премьер-Отель	гостиничный комплекс	426028, Ижевск, Колхозная, 1	" +7 (3412) 42-33-00;+7 (3412) 42-42-25; "	"426028, Ижевск, Колхозная, 1,  +7 (3412) 42-33-00;+7 (3412) 42-42-25; "	5	3,138819035	#cashless	117	1753	одноместный	2253	двухместный	1753 одноместный, 2253 двухместный					"37.2374 115.14272,@Премьер-Отель,@гостиничный комплекс,@426028, Ижевск, Колхозная, 1,  +7 (3412) 42-33-00;+7 (3412) 42-42-25; ,@5,@3,13881903490837,@#cashless,@117,@1753 одноместный, 2253 двухместный"
																			37.2374 115.14373	Perina	гостиница	424004, Йошкар-Ола, Льва Толстого, 60	 +7-919-919-99-56	424004, Йошкар-Ола, Льва Толстого, 60,  +7-919-919-99-56	2	2,178890693	#cashless	83	1498	одноместный	1998	двухместный	1498 одноместный, 1998 двухместный					37.2374 115.14373,@Perina,@гостиница,@424004, Йошкар-Ола, Льва Толстого, 60,  +7-919-919-99-56,@2,@2,17889069307369,@#cashless,@83,@1498 одноместный, 1998 двухместный
																			37.2374 115.14474	Околица	гостиница	424007, Йошкар-Ола, Строителей, 54г	" +7 (3412) 71-01-83;+7 (3412) 71-55-08; "	"424007, Йошкар-Ола, Строителей, 54г,  +7 (3412) 71-01-83;+7 (3412) 71-55-08; "	4	2,987232831	#cashless	131	2349	одноместный	2849	двухместный	2349 одноместный, 2849 двухместный					"37.2374 115.14474,@Околица,@гостиница,@424007, Йошкар-Ола, Строителей, 54г,  +7 (3412) 71-01-83;+7 (3412) 71-55-08; ,@4,@2,98723283071681,@#cashless,@131,@2349 одноместный, 2849 двухместный"
																			37.2374 115.14575	Номер-ок	база отдыха	424006, Йошкар-Ола, Строителей, 110	" +7 (3412) 55-66-00; "	"424006, Йошкар-Ола, Строителей, 110,  +7 (3412) 55-66-00; "	3	3,828698612	#cashless	107	1771	одноместный	2271	двухместный	1771 одноместный, 2271 двухместный					"37.2374 115.14575,@Номер-ок,@база отдыха,@424006, Йошкар-Ола, Строителей, 110,  +7 (3412) 55-66-00; ,@3,@3,82869861185857,@#cashless,@107,@1771 одноместный, 2271 двухместный"
																			37.2374 115.14676	Мумы Дор	отель	424007, Йошкар-Ола, Строителей, 54г	" +7 (3412) 77-57-14; +7-922-687-15-95"	"424007, Йошкар-Ола, Строителей, 54г,  +7 (3412) 77-57-14; +7-922-687-15-95"	1	2,715559091	#cashless	101	2273	одноместный	2773	двухместный	2273 одноместный, 2773 двухместный					"37.2374 115.14676,@Мумы Дор,@отель,@424007, Йошкар-Ола, Строителей, 54г,  +7 (3412) 77-57-14; +7-922-687-15-95,@1,@2,71555909070688,@#cashless,@101,@2273 одноместный, 2773 двухместный"
																			37.2374 115.14777	На нас	хостел	424006, Йошкар-Ола, Строителей, 1	" +7 (3412) 77-28-81; "	"424006, Йошкар-Ола, Строителей, 1,  +7 (3412) 77-28-81; "	1	3,832822343	#cashless	70	900	одноместный	1400	двухместный	900 одноместный, 1400 двухместный					"37.2374 115.14777,@На нас,@хостел,@424006, Йошкар-Ола, Строителей, 1,  +7 (3412) 77-28-81; ,@1,@3,83282234348653,@#cashless,@70,@900 одноместный, 1400 двухместный"
																			37.2374 115.14878	Мир	хостел	423450, Альметьевск, Шевченко, 48	" +7 (3412) 91-33-55; "	"423450, Альметьевск, Шевченко, 48,  +7 (3412) 91-33-55; "	1	2,287028565	#cashless	31	1929	одноместный	2429	двухместный	1929 одноместный, 2429 двухместный					"37.2374 115.14878,@Мир,@хостел,@423450, Альметьевск, Шевченко, 48,  +7 (3412) 91-33-55; ,@1,@2,28702856494605,@#cashless,@31,@1929 одноместный, 2429 двухместный"
																			37.2374 115.14979	Камин	хостел	423452, Альметьевск, Ленина, 32	" +7 (3412) 61-06-81; +7-904-316-83-01"	"423452, Альметьевск, Ленина, 32,  +7 (3412) 61-06-81; +7-904-316-83-01"	5	1,608787456	#cashless	120	2109	одноместный	2609	двухместный	2109 одноместный, 2609 двухместный					"37.2374 115.14979,@Камин,@хостел,@423452, Альметьевск, Ленина, 32,  +7 (3412) 61-06-81; +7-904-316-83-01,@5,@1,60878745591067,@#cashless,@120,@2109 одноместный, 2609 двухместный"
																			37.2374 115.15080	Восход	гостиница	423458, Альметьевск, Ризы Фахретдина, 32	" +7 (8553) 30-01-11; +7-987-402-46-57"	"423458, Альметьевск, Ризы Фахретдина, 32,  +7 (8553) 30-01-11; +7-987-402-46-57"	3	1,458237476	#cashless	12	1505	одноместный	2005	двухместный	1505 одноместный, 2005 двухместный					"37.2374 115.15080,@Восход,@гостиница,@423458, Альметьевск, Ризы Фахретдина, 32,  +7 (8553) 30-01-11; +7-987-402-46-57,@3,@1,45823747648401,@#cashless,@12,@1505 одноместный, 2005 двухместный"
																			37.2374 115.15181	Нефтяник	гостиница	423450, Альметьевск, Тимирязева, 17	" +7 (8553) 37-07-19;+7 (8553) 37-07-23; "	"423450, Альметьевск, Тимирязева, 17,  +7 (8553) 37-07-19;+7 (8553) 37-07-23; "	5	3,910704907	#cashless	5	998	одноместный	1498	двухместный	998 одноместный, 1498 двухместный					"37.2374 115.15181,@Нефтяник,@гостиница,@423450, Альметьевск, Тимирязева, 17,  +7 (8553) 37-07-19;+7 (8553) 37-07-23; ,@5,@3,91070490713009,@#cashless,@5,@998 одноместный, 1498 двухместный"
																			37.2374 115.15282	DE LUXE	отель	423461, Альметьевск, Шевченко, 25	" +7 (8553) 43-97-97; +7-902-715-44-45"	"423461, Альметьевск, Шевченко, 25,  +7 (8553) 43-97-97; +7-902-715-44-45"	3	1,460764675	#cashless	17	709	одноместный	1209	двухместный	709 одноместный, 1209 двухместный					"37.2374 115.15282,@DE LUXE,@отель,@423461, Альметьевск, Шевченко, 25,  +7 (8553) 43-97-97; +7-902-715-44-45,@3,@1,46076467524104,@#cashless,@17,@709 одноместный, 1209 двухместный"
																			37.2374 115.15383	Viardo	база отдыха	423458, Альметьевск, Шевченко, 9	" +7 (8553) 43-90-34; "	"423458, Альметьевск, Шевченко, 9,  +7 (8553) 43-90-34; "	2	1,518095678	#cashless	123	1559	одноместный	2059	двухместный	1559 одноместный, 2059 двухместный					"37.2374 115.15383,@Viardo,@база отдыха,@423458, Альметьевск, Шевченко, 9,  +7 (8553) 43-90-34; ,@2,@1,51809567793423,@#cashless,@123,@1559 одноместный, 2059 двухместный"
																			37.2374 115.15484	Визит	гостиница	423450, Альметьевск, Ризы Фахретдина, 100	" +7 (8553) 33-68-30; "	"423450, Альметьевск, Ризы Фахретдина, 100,  +7 (8553) 33-68-30; "	4	2,393144465	#cashless	120	1504	одноместный	2004	двухместный	1504 одноместный, 2004 двухместный					"37.2374 115.15484,@Визит,@гостиница,@423450, Альметьевск, Ризы Фахретдина, 100,  +7 (8553) 33-68-30; ,@4,@2,39314446461936,@#cashless,@120,@1504 одноместный, 2004 двухместный"
																			37.2374 115.15585	Ель	база отдыха	423450, Альметьевск, Объездной тракт, 77	" +7 (8553) 424-000; +7-939-310-40-01"	"423450, Альметьевск, Объездной тракт, 77,  +7 (8553) 424-000; +7-939-310-40-01"	2	3,200484841	#cashless	73	2342	одноместный	2842	двухместный	2342 одноместный, 2842 двухместный					"37.2374 115.15585,@Ель,@база отдыха,@423450, Альметьевск, Объездной тракт, 77,  +7 (8553) 424-000; +7-939-310-40-01,@2,@3,20048484114956,@#cashless,@73,@2342 одноместный, 2842 двухместный"
																			37.2374 115.15686	Жара	отель	423458, Альметьевск, Ленина, 1а	" +7 (8553) 40-32-32; +7-904-769-88-56"	"423458, Альметьевск, Ленина, 1а,  +7 (8553) 40-32-32; +7-904-769-88-56"	1	1,829590399	#cashless	52	572	одноместный	1072	двухместный	572 одноместный, 1072 двухместный					"37.2374 115.15686,@Жара,@отель,@423458, Альметьевск, Ленина, 1а,  +7 (8553) 40-32-32; +7-904-769-88-56,@1,@1,82959039879219,@#cashless,@52,@572 одноместный, 1072 двухместный"
																			37.2374 115.15787	Нарат	отель	423465, Альметьевск, Поташно-Полянское лесничество, 30	 +7-950-320-03-38	423465, Альметьевск, Поташно-Полянское лесничество, 30,  +7-950-320-03-38	4	1,206448074	#cashless	16	925	одноместный	1425	двухместный	925 одноместный, 1425 двухместный					37.2374 115.15787,@Нарат,@отель,@423465, Альметьевск, Поташно-Полянское лесничество, 30,  +7-950-320-03-38,@4,@1,20644807394673,@#cashless,@16,@925 одноместный, 1425 двухместный
																			37.2374 115.15888	Омега	отель	424007, Йошкар-Ола, Строителей, 95 к103	" +7 (8553) 45-37-51; +7-917-867-69-25"	"424007, Йошкар-Ола, Строителей, 95 к103,  +7 (8553) 45-37-51; +7-917-867-69-25"	4	1,714154025	#cashless	64	1297	одноместный	1797	двухместный	1297 одноместный, 1797 двухместный					"37.2374 115.15888,@Омега,@отель,@424007, Йошкар-Ола, Строителей, 95 к103,  +7 (8553) 45-37-51; +7-917-867-69-25,@4,@1,71415402511583,@#cashless,@64,@1297 одноместный, 1797 двухместный"
																			37.2374 115.15989	Снежинка	гостиница	424031, Йошкар-Ола, Чехова, 70	" +7 (8553) 31-23-00;+7 (8553) 38-67-57; "	"424031, Йошкар-Ола, Чехова, 70,  +7 (8553) 31-23-00;+7 (8553) 38-67-57; "	1	3,008872699	#cashless	68	1394	одноместный	1894	двухместный	1394 одноместный, 1894 двухместный					"37.2374 115.15989,@Снежинка,@гостиница,@424031, Йошкар-Ола, Чехова, 70,  +7 (8553) 31-23-00;+7 (8553) 38-67-57; ,@1,@3,0088726985798,@#cashless,@68,@1394 одноместный, 1894 двухместный"
																			37.2374 115.16090	Мумы Дор	отель	424003, Йошкар-Ола, Зарубина, 35	" +7 (843) 275-02-44;+7 (843) 275-02-53; "	"424003, Йошкар-Ола, Зарубина, 35,  +7 (843) 275-02-44;+7 (843) 275-02-53; "	1	1,772763954	#cashless	76	1390	одноместный	1890	двухместный	1390 одноместный, 1890 двухместный					"37.2374 115.16090,@Мумы Дор,@отель,@424003, Йошкар-Ола, Зарубина, 35,  +7 (843) 275-02-44;+7 (843) 275-02-53; ,@1,@1,77276395403384,@#cashless,@76,@1390 одноместный, 1890 двухместный"
																			37.2374 115.16191	На нас	гостиница	424004, Йошкар-Ола, Льва Толстого, 60	" +7 (84371) 5-07-45;+7 (84371) 5-14-06;+7 (84371) 5-14-39; "	"424004, Йошкар-Ола, Льва Толстого, 60,  +7 (84371) 5-07-45;+7 (84371) 5-14-06;+7 (84371) 5-14-39; "	4	1,996854754	#cashless	126	1139	одноместный	1639	двухместный	1139 одноместный, 1639 двухместный					"37.2374 115.16191,@На нас,@гостиница,@424004, Йошкар-Ола, Льва Толстого, 60,  +7 (84371) 5-07-45;+7 (84371) 5-14-06;+7 (84371) 5-14-39; ,@4,@1,99685475377272,@#cashless,@126,@1139 одноместный, 1639 двухместный"
																			37.2374 115.16292	Мир	гостиница	424007, Йошкар-Ола, Строителей, 54г	" +7 (843) 555-95-35; "	"424007, Йошкар-Ола, Строителей, 54г,  +7 (843) 555-95-35; "	3	3,689551902	#cashless	149	1490	одноместный	1990	двухместный	1490 одноместный, 1990 двухместный					"37.2374 115.16292,@Мир,@гостиница,@424007, Йошкар-Ола, Строителей, 54г,  +7 (843) 555-95-35; ,@3,@3,6895519018387,@#cashless,@149,@1490 одноместный, 1990 двухместный"
																			37.2374 115.16393	Камин	база отдыха	422544, Зеленодольск, Рогачёва, 34Б к1	" +7 (843) 514-88-98; +7-987-225-85-93"	"422544, Зеленодольск, Рогачёва, 34Б к1,  +7 (843) 514-88-98; +7-987-225-85-93"	5	1,674107711	#cashless	149	1868	одноместный	2368	двухместный	1868 одноместный, 2368 двухместный					"37.2374 115.16393,@Камин,@база отдыха,@422544, Зеленодольск, Рогачёва, 34Б к1,  +7 (843) 514-88-98; +7-987-225-85-93,@5,@1,67410771071951,@#cashless,@149,@1868 одноместный, 2368 двухместный"
																			37.2374 115.16494	Восход	отель	420076, Казань, Залесная, 5	" +7 (843) 277-62-68;8-800-250-62-68; "	"420076, Казань, Залесная, 5,  +7 (843) 277-62-68;8-800-250-62-68; "	5	1,478515686	#cashless	138	1358	одноместный	1858	двухместный	1358 одноместный, 1858 двухместный					"37.2374 115.16494,@Восход,@отель,@420076, Казань, Залесная, 5,  +7 (843) 277-62-68;8-800-250-62-68; ,@5,@1,47851568555766,@#cashless,@138,@1358 одноместный, 1858 двухместный"
																			37.2374 115.16595	Нефтяник	хостел	420107, Казань, Островского, 67	" +7 (843) 238-32-32; +7-966-250-23-15"	"420107, Казань, Островского, 67,  +7 (843) 238-32-32; +7-966-250-23-15"	5	3,897261985	#cashless	76	1309	одноместный	1809	двухместный	1309 одноместный, 1809 двухместный					"37.2374 115.16595,@Нефтяник,@хостел,@420107, Казань, Островского, 67,  +7 (843) 238-32-32; +7-966-250-23-15,@5,@3,89726198474874,@#cashless,@76,@1309 одноместный, 1809 двухместный"
																			37.2374 115.16696	DE LUXE	хостел	420059, Казань, Оренбургский тракт, 20	" +7 (843) 210-16-45; "	"420059, Казань, Оренбургский тракт, 20,  +7 (843) 210-16-45; "	1	2,204308902	#cashless	108	797	одноместный	1297	двухместный	797 одноместный, 1297 двухместный					"37.2374 115.16696,@DE LUXE,@хостел,@420059, Казань, Оренбургский тракт, 20,  +7 (843) 210-16-45; ,@1,@2,20430890218357,@#cashless,@108,@797 одноместный, 1297 двухместный"
																			37.2374 115.16797	Viardo	хостел	420043, Казань, Калинина, 69	 +7-987-225-07-27	420043, Казань, Калинина, 69,  +7-987-225-07-27	4	3,485611531	#cashless	70	2381	одноместный	2881	двухместный	2381 одноместный, 2881 двухместный					37.2374 115.16797,@Viardo,@хостел,@420043, Казань, Калинина, 69,  +7-987-225-07-27,@4,@3,4856115305923,@#cashless,@70,@2381 одноместный, 2881 двухместный
																			37.2374 115.16898	Визит	гостиница	420030, Казань, Урицкого, 15	" +7 (843) 260-39-39; "	"420030, Казань, Урицкого, 15,  +7 (843) 260-39-39; "	3	1,620523125	#cashless	49	810	одноместный	1310	двухместный	810 одноместный, 1310 двухместный					"37.2374 115.16898,@Визит,@гостиница,@420030, Казань, Урицкого, 15,  +7 (843) 260-39-39; ,@3,@1,620523125307,@#cashless,@49,@810 одноместный, 1310 двухместный"
																			37.2374 115.16999	Ель	гостиничный комплекс	421001, Казань, Алексея Козина, 3а	" +7 (843) 259-86-84; +7-960-048-21-51"	"421001, Казань, Алексея Козина, 3а,  +7 (843) 259-86-84; +7-960-048-21-51"	3	3,133636433	#cashless	24	754	одноместный	1254	двухместный	754 одноместный, 1254 двухместный					"37.2374 115.16999,@Ель,@гостиничный комплекс,@421001, Казань, Алексея Козина, 3а,  +7 (843) 259-86-84; +7-960-048-21-51,@3,@3,13363643327707,@#cashless,@24,@754 одноместный, 1254 двухместный"
																			37.2374 115.170100	Жара	отель	421001, Казань, Алексея Козина, 77	" +7 (8362) 39-72-76;+7 (8362) 43-80-43; "	"421001, Казань, Алексея Козина, 77,  +7 (8362) 39-72-76;+7 (8362) 43-80-43; "	5	3,416514804	#cashless	62	1926	одноместный	2426	двухместный	1926 одноместный, 2426 двухместный					"37.2374 115.170100,@Жара,@отель,@421001, Казань, Алексея Козина, 77,  +7 (8362) 39-72-76;+7 (8362) 43-80-43; ,@5,@3,41651480439493,@#cashless,@62,@1926 одноместный, 2426 двухместный"
																																						
																																						
																																						
